net,length_um
net246,1.18718mm
net234,1.11706mm
net265,1.03426mm
net292,1.01618mm
_0844_,1.00288mm
net275,981.36µm
net261,976.355µm
_0275_,917.36µm
_0598_,915.5µm
net224,915.375µm
net231,875.38µm
net236,875.07µm
net283,864.68µm
net145,860.44µm
net279,855.575µm
net241,849.51µm
net237,835.81µm
_0517_,796.32µm
net271,787.78µm
_0594_,784.74µm
net235,775.815µm
net81,772.88µm
net191,771.56µm
net190,768.02µm
net189,766.42µm
net294,766.42µm
net146,761.5µm
net233,759µm
net293,754.22µm
net84,735.56µm
net269,735.46µm
_0685_,731.4µm
_1003_,725.52µm
_0274_,723.14µm
_1034_,709.5µm
net266,708.84µm
_0519_,704.15µm
net72,702.78µm
cn_dn\[6\],698.7µm
net257,693.04µm
_0518_,688.23µm
net121,683.98µm
net260,682.95µm
_0880_,664µm
net268,663.4µm
net4,660.36µm
net259,650.77µm
decipher_process,649.2µm
_0964_,647.48µm
net282,646.88µm
net270,646.55µm
_0589_,644.66µm
net97,643.9µm
net232,639.5µm
net281,633.9µm
net242,625.64µm
_0997_,618.6µm
net179,618.28µm
clk,614.97µm
net60,613.82µm
net178,607.36µm
_0623_,607.26µm
net184,604.82µm
_0535_,600.07µm
clknet_0_clk,597.895µm
net164,594.86µm
net174,594.14µm
_0547_,589.81µm
net123,588.54µm
cn_dn\[10\],586.68µm
net256,584.02µm
_1045_,579.42µm
net163,576.08µm
_0576_,551.56µm
net112,547.18µm
net175,538.48µm
net51,530.28µm
net263,530.12µm
net264,526.78µm
_0192_,523.24µm
net126,519.08µm
_0253_,516.62µm
net9,505.72µm
_1099_,487.44µm
net3,486.88µm
net141,486.18µm
net127,485.26µm
net258,485.24µm
_0906_,478.58µm
net278,478.54µm
clknet_4_3__leaf_clk,473.3µm
net262,464.78µm
net49,457.02µm
_0552_,455.46µm
_0907_,451.105µm
_1084_,446.4µm
net255,445.5µm
net66,444.6µm
net267,440.02µm
_0950_,439.66µm
clknet_4_13__leaf_clk,436.695µm
net173,433.22µm
net65,431.66µm
cn_dn\[0\],426.08µm
net142,425.075µm
net124,424.82µm
cn_dn\[14\],416.78µm
net18,412.86µm
net133,411.12µm
clknet_2_2_0_clk,410.35µm
clknet_4_10__leaf_clk,409.8µm
_1085_,406.94µm
clknet_4_12__leaf_clk,405.57µm
net129,401.795µm
_0462_,400.88µm
cn\[8\],396.56µm
_0785_,394.54µm
cn_dn\[27\],393.08µm
_0207_,392.74µm
net240,388.22µm
clknet_2_1_0_clk,385.66µm
clknet_2_3_0_clk,381.5µm
clknet_2_0_0_clk,378.56µm
clknet_4_4__leaf_clk,377.975µm
_0949_,376.36µm
net132,374.92µm
_0978_,369.98µm
net172,369.06µm
net287,366.2µm
_0784_,364.06µm
net277,360.76µm
cn_dn\[17\],360.36µm
_0521_,357.6µm
_0850_,355.405µm
cn_dn\[20\],349.7µm
_0165_,347.62µm
net128,344.56µm
_0852_,336.92µm
net274,335.66µm
clknet_4_7__leaf_clk,330.5µm
net253,327.48µm
clknet_4_15__leaf_clk,324.48µm
net181,323.66µm
net280,321.1µm
net254,319.7µm
_0666_,316.76µm
_0586_,315.82µm
clknet_4_11__leaf_clk,309.52µm
net137,305.96µm
clknet_4_0__leaf_clk,304.71µm
net272,299.9µm
net77,295µm
_0470_,286.34µm
net58,286.06µm
clknet_4_9__leaf_clk,285.62µm
net159,285.08µm
net286,284.96µm
clknet_4_1__leaf_clk,278.72µm
net167,277.94µm
cn_dn\[3\],274.84µm
_0191_,272.26µm
clknet_4_6__leaf_clk,270.54µm
clknet_3_5_0_clk,270.14µm
_0760_,269.42µm
_0838_,267.34µm
clknet_3_0_0_clk,266.88µm
_0553_,266.04µm
clknet_3_4_0_clk,265.68µm
clknet_3_2_0_clk,263.88µm
net40,262.83µm
_0267_,260.51µm
cn_dn\[24\],257.98µm
net80,256.66µm
cn\[7\],255µm
net285,252.08µm
cn_dn\[7\],251.76µm
clknet_3_7_0_clk,251.76µm
_1096_,251.22µm
cn\[22\],246.74µm
_0830_,246.38µm
net36,242.78µm
net243,241.88µm
clknet_4_5__leaf_clk,240.66µm
_0245_,240.56µm
net221,240.03µm
net44,237.38µm
_0144_,236.04µm
net251,232.68µm
net69,231.58µm
cn\[11\],231.28µm
_0853_,230.825µm
_0753_,229.2µm
clknet_4_14__leaf_clk,228.28µm
net250,225.02µm
_0769_,224.82µm
net22,221.82µm
clknet_3_3_0_clk,221.64µm
net219,220.98µm
_1070_,220.63µm
_0752_,219.2µm
net117,216.4µm
cn\[14\],214.06µm
net239,211.66µm
clknet_4_8__leaf_clk,208.76µm
net220,202.9µm
_0587_,202.72µm
cn\[15\],202.24µm
net222,200.04µm
_0588_,198.4µm
clknet_4_2__leaf_clk,197.92µm
net230,197.6µm
cn\[12\],196.9µm
net288,196.74µm
_0268_,196.52µm
net95,195.78µm
net284,193.54µm
net290,193.26µm
net247,193.135µm
net291,192.95µm
_0520_,191.92µm
net88,190.62µm
net214,190.18µm
_0837_,189.98µm
_0885_,189.38µm
cn\[4\],189.24µm
cn_dn\[22\],188.42µm
_0478_,188.02µm
_0714_,187.74µm
clknet_3_6_0_clk,187.18µm
net273,184.76µm
net5,183.22µm
net215,180.04µm
net217,179.16µm
cn\[17\],178.88µm
_0522_,178.49µm
net109,178.44µm
_0797_,177.25µm
net238,177.25µm
net102,177.14µm
net245,175.79µm
net216,175.1µm
net94,174.88µm
net252,174.77µm
_0270_,174.365µm
net118,171.86µm
net14,171.08µm
net249,169.56µm
net110,169.4µm
net227,169.16µm
_0665_,168.95µm
net115,167.44µm
_0798_,166.92µm
_0664_,165.5µm
_0523_,164.62µm
net168,164.02µm
_0472_,162.4µm
_0524_,161.64µm
_0720_,161.58µm
clknet_3_1_0_clk,161.4µm
net225,161.175µm
net160,160.22µm
_0800_,157.92µm
cn\[23\],155.98µm
net276,155.88µm
net211,155.64µm
net73,155.26µm
_0474_,154.22µm
net103,153.6µm
net229,152.82µm
_0705_,150.24µm
_0627_,149.66µm
_1069_,148.5µm
net76,148.46µm
cn_dn\[12\],146.02µm
cn_dn\[15\],145.22µm
_0219_,144.46µm
net93,143.76µm
_0667_,143.67µm
_0787_,143.41µm
_0230_,141.38µm
net171,139.28µm
_0834_,138.135µm
net101,137.8µm
_0525_,137.595µm
net213,137.58µm
_0640_,137.34µm
_0833_,137.225µm
net138,137.08µm
_0630_,136.1µm
net116,135.46µm
_0801_,135.26µm
_0531_,135.12µm
net170,135.06µm
net104,135µm
_0133_,134.4µm
_0693_,133.98µm
_0529_,133.76µm
_0802_,133.28µm
net89,132µm
_0530_,131.86µm
net70,130.36µm
net78,130.26µm
_0556_,129.76µm
_0269_,129.38µm
_0789_,129.24µm
cn_dn\[25\],129.06µm
_0694_,128.24µm
_0663_,127.71µm
cn_dn\[19\],127.42µm
net228,125.78µm
_0716_,125.675µm
net87,125.44µm
_0551_,123.48µm
_0366_,123.34µm
_0402_,123.34µm
_0704_,123.21µm
_0791_,122.24µm
_0842_,122.2µm
net85,121.84µm
_0629_,121.68µm
_0762_,121.58µm
_0534_,121.26µm
_0353_,121.1µm
_0465_,120.99µm
_0751_,120.8µm
_0790_,120.08µm
cn\[1\],119.48µm
net111,119.08µm
net79,118.96µm
_0662_,118.4µm
net92,118.32µm
net182,118.1µm
_0201_,117.96µm
_0306_,117.91µm
key_process,117.02µm
net192,116.44µm
cn_dn\[11\],116.31µm
net289,116.18µm
net209,115.62µm
_0528_,115.22µm
_0549_,114.54µm
net226,114.44µm
net108,113.78µm
_0282_,113.17µm
net143,112.98µm
_0386_,112.4µm
_0759_,112.38µm
net122,111.64µm
net119,111µm
cn\[0\],110.9µm
_0639_,110.78µm
_0446_,110.6µm
_0887_,110.14µm
_0350_,110.09µm
_0645_,109.865µm
_0700_,109.82µm
_0721_,109.72µm
_0565_,109.625µm
_0458_,108.82µm
net218,108.72µm
net100,108.06µm
_0143_,107.16µm
_0843_,107µm
net197,106.34µm
_0855_,106.33µm
_0901_,106.32µm
cn_dn\[4\],106.12µm
net120,105.34µm
_0628_,104.94µm
_0646_,104.74µm
_0723_,104.11µm
_0746_,104.1µm
_0893_,104.06µm
_0683_,103.54µm
_0771_,103.26µm
net114,102.94µm
_0271_,102.62µm
net248,102.14µm
_0648_,101.7µm
_0643_,101.62µm
net193,101.46µm
_0840_,100.9µm
_0454_,100.02µm
_0582_,99.53µm
_0638_,99.44µm
_0839_,98.84µm
_0936_,98.62µm
net212,98.06µm
net185,97.72µm
_0414_,97.6µm
cn_dn\[16\],97.48µm
_0758_,97.34µm
_0480_,97.26µm
_0854_,97.14µm
cn\[13\],96.92µm
net201,96.88µm
net134,96.42µm
_0358_,96.36µm
_0280_,95.94µm
net71,94.98µm
cn_dn\[23\],94.96µm
net198,94.58µm
_0310_,94.52µm
_0717_,93.59µm
net206,93.27µm
cn\[26\],92.98µm
_0294_,92.96µm
_0362_,92.3µm
net205,92.095µm
_0788_,91.3µm
_0631_,91.28µm
cn_dn\[9\],90.88µm
_0590_,90.69µm
_0767_,90.65µm
_0829_,90.12µm
net202,89.92µm
_0770_,89.9µm
net130,89.34µm
_0388_,89.22µm
_0370_,88.84µm
_0276_,88.76µm
_0626_,88.64µm
cn_dn\[26\],87.52µm
_0541_,87.38µm
_1058_,87.3µm
net200,87.295µm
net194,87.2µm
net86,86.8µm
net244,86.54µm
_0641_,86.1µm
cn\[25\],86µm
net199,85.53µm
_0951_,85.46µm
_0806_,85.12µm
_0610_,85.04µm
_0550_,84.84µm
_0809_,84.78µm
_0418_,84.32µm
net152,84.06µm
_0718_,83.94µm
net91,83.46µm
net210,83.38µm
_0346_,83.06µm
cn\[2\],82.3µm
_0642_,81.88µm
_0516_,81.62µm
net11,81.12µm
_0334_,80.58µm
_0155_,80.22µm
_0808_,79.38µm
encipher_process,79.34µm
cn_dn\[1\],79.3µm
_0426_,79.1µm
_0624_,79.02µm
rcounter\[0\],78.96µm
_0883_,78.92µm
_0910_,78.44µm
_0672_,78.34µm
cn\[27\],78.11µm
_0805_,77.98µm
_0900_,77.18µm
_0387_,76.94µm
cn\[24\],76.72µm
_0765_,76.36µm
_0607_,76.12µm
cn\[18\],75.9µm
cn\[9\],75.9µm
cn\[21\],75.64µm
net140,75.08µm
net13,74.98µm
_0692_,74.4µm
_0778_,73.555µm
_0298_,73.535µm
net74,73.46µm
_0487_,73.4µm
_0180_,73.28µm
_0302_,73.12µm
net154,73.12µm
_0779_,72.98µm
_0254_,72.76µm
_0745_,72.74µm
_0909_,72.72µm
_0405_,72.3µm
_0596_,72.22µm
_0469_,72.18µm
_0591_,71.95µm
_0289_,71.86µm
net195,71.76µm
net98,71.56µm
_0434_,71.1µm
_0952_,70.96µm
_0314_,70.735µm
cn\[16\],70.66µm
_0580_,70.2µm
net135,69.88µm
_0803_,69.68µm
net165,69.36µm
_0719_,69.34µm
net90,69.26µm
_0889_,69.08µm
_0915_,68.78µm
_0286_,68.74µm
_0761_,68.58µm
_0544_,68.42µm
_0794_,68.32µm
_0892_,68.18µm
_0652_,68.06µm
_0601_,67.88µm
_0804_,67.7µm
net147,67.54µm
_0636_,67.44µm
net99,67.32µm
net203,67.21µm
net113,66.36µm
_0795_,66.28µm
_0848_,66.08µm
net149,66.04µm
_0695_,65.54µm
net7,65.44µm
_0259_,65.28µm
_0566_,65.2µm
_0774_,65.18µm
net186,65.12µm
_0766_,65.06µm
_0908_,64.94µm
net30,64.78µm
net207,64.7µm
cn\[5\],64.66µm
_0599_,64.64µm
_0911_,64.41µm
net57,64.24µm
_0894_,64.14µm
net176,64.04µm
_0482_,63.88µm
_0670_,63.84µm
_0342_,63.82µm
_0533_,63.82µm
_1006_,63.46µm
_0793_,63.18µm
_1035_,63.1µm
net158,63.015µm
_0731_,62.38µm
_0846_,62.32µm
cn_dn\[5\],62.2µm
_0902_,61.955µm
_1097_,61.86µm
_0338_,61.48µm
_0792_,61.24µm
_0379_,61.2µm
_0898_,61.2µm
net157,61.2µm
net67,61.08µm
net43,61.04µm
_0585_,60.96µm
net68,60.88µm
_0913_,60.84µm
_0527_,60.8µm
_0691_,60.74µm
_0398_,60.68µm
net187,60.58µm
_0526_,60.45µm
_0548_,60.24µm
_0637_,59.68µm
_0757_,59.62µm
_0956_,58.995µm
_0755_,58.96µm
_1059_,58.9µm
_0385_,58.88µm
_0724_,58.76µm
net144,58.72µm
net166,58.68µm
_0904_,58.56µm
_0772_,58.42µm
_0835_,58.38µm
net83,58.38µm
_0611_,58.29µm
net35,58.12µm
net139,58.1µm
net45,57.96µm
_0532_,57.78µm
_0965_,57.74µm
_0896_,57.71µm
net156,57.52µm
cn_dn\[8\],57.32µm
_0330_,57.24µm
net75,57µm
net107,56.74µm
_0562_,56.64µm
net169,56.56µm
_0921_,56.52µm
net188,56.38µm
net96,55.84µm
_0729_,55.74µm
_0166_,55.42µm
_0374_,55.38µm
_0644_,55.22µm
_0891_,55.18µm
_0554_,54.96µm
_0922_,54.78µm
net47,54.72µm
net155,54.58µm
net61,54.56µm
_0410_,54.42µm
_0739_,54.34µm
net148,54.22µm
net223,54.16µm
_0262_,54.1µm
net20,54.1µm
_0486_,53.8µm
_0884_,53.54µm
_0822_,53.18µm
_0821_,53.09µm
_0422_,52.82µm
net177,52.8µm
_0817_,52.63µm
net125,52.56µm
net151,52.5µm
_0595_,52.49µm
_0592_,52.395µm
_0114_,52.32µm
_0653_,52.3µm
_0990_,52.26µm
net55,51.86µm
_0600_,51.84µm
_0881_,51.58µm
_1004_,51.52µm
_0849_,51.36µm
net17,51.18µm
_0613_,51.14µm
cn\[20\],51.14µm
_0381_,50.98µm
_0442_,50.6µm
_0113_,50.58µm
net136,50.5µm
_0593_,50.06µm
_0318_,50.04µm
net82,49.98µm
_0157_,49.88µm
net8,49.2µm
_0539_,49.09µm
_0827_,48.915µm
net54,48.88µm
net31,48.72µm
rcounter\[1\],48.66µm
_0233_,48.58µm
_0890_,48.14µm
_0169_,47.94µm
_0257_,47.92µm
net153,47.9µm
_0932_,47.72µm
_0392_,47.68µm
_0775_,47.32µm
_0726_,47.2µm
_0668_,46.88µm
_0450_,46.86µm
_0602_,46.86µm
_0748_,46.56µm
_0979_,46.38µm
net59,46.08µm
_0117_,46.06µm
_0824_,45.82µm
net131,45.8µm
net48,45.54µm
_0868_,45.46µm
_0981_,45.42µm
_0616_,45.4µm
net106,45.36µm
_0983_,44.78µm
_1046_,44.78µm
_0715_,44.72µm
net161,44.56µm
_0110_,44.5µm
_0543_,44.5µm
_0208_,44.46µm
_0429_,44.36µm
net105,44.34µm
_0220_,44.32µm
_0256_,44.3µm
_0438_,44.18µm
_0263_,44.16µm
_0633_,44.12µm
_0326_,44.1µm
_0577_,44µm
net50,43.68µm
_0231_,43.4µm
_0365_,43.32µm
_0845_,43.32µm
_0856_,43.21µm
_0277_,42.84µm
_0649_,42.84µm
_0394_,42.82µm
_0606_,42.68µm
_0546_,42.62µm
_0377_,42.48µm
net39,42.42µm
_0709_,42.12µm
_0712_,42µm
net196,41.7µm
_0363_,41.68µm
_0635_,41.66µm
net208,41.66µm
_0708_,41.62µm
_0847_,41.62µm
_0285_,41.44µm
_0750_,41.42µm
_0537_,41.38µm
_0291_,41.16µm
_1014_,41.16µm
_0971_,41µm
_1075_,41µm
_0148_,40.96µm
_0255_,40.92µm
_0961_,40.73µm
_0634_,40.66µm
_0736_,40.52µm
_0944_,40.39µm
_0756_,40.38µm
_1025_,40.34µm
net21,40.24µm
_0786_,39.84µm
_0999_,39.7µm
_0376_,39.46µm
_0658_,39.34µm
_0703_,39.34µm
_0632_,39.06µm
net180,38.94µm
_0858_,38.89µm
_0359_,38.78µm
_0707_,38.76µm
_0742_,38µm
_0701_,37.94µm
_0713_,37.94µm
_0109_,37.92µm
net2,37.9µm
_0689_,37.78µm
_0675_,37.64µm
_0121_,37.28µm
_0905_,37.02µm
_0456_,36.6µm
_0202_,36.58µm
_0316_,36.5µm
_0992_,36.28µm
net1,36.2µm
_0416_,35.88µm
net162,35.76µm
rcounter\[2\],35.64µm
net41,35.4µm
_0432_,35.38µm
_0930_,35.14µm
_0246_,35.12µm
_0676_,35.08µm
_0895_,34.96µm
_0179_,34.86µm
_0197_,34.7µm
_0501_,34.62µm
_0369_,34.6µm
_0301_,34.52µm
net29,34.42µm
_0878_,34.38µm
_0564_,34.36µm
_0823_,34.345µm
net46,34.34µm
_1029_,34.3µm
_0937_,34.2µm
_0764_,34.18µm
_0134_,33.96µm
_0500_,33.7µm
_0484_,33.58µm
_0360_,33.5µm
net56,33.35µm
_0660_,33.32µm
_0865_,33.28µm
_0216_,33.16µm
_0687_,32.96µm
_0914_,32.94µm
_0923_,32.94µm
_0912_,32.92µm
_0866_,32.76µm
_0749_,32.62µm
_0690_,32.6µm
net150,32.56µm
_0966_,32.52µm
_0877_,32.49µm
_0322_,32.46µm
_0710_,32.26µm
_0153_,32.24µm
_0783_,32.2µm
_0490_,31.94µm
net42,31.88µm
_0509_,31.86µm
_0141_,31.82µm
_0510_,31.78µm
_0540_,31.78µm
_0897_,31.78µm
_1023_,31.78µm
cn_dn\[2\],31.78µm
_0145_,31.76µm
_0479_,31.64µm
_0743_,31.5µm
net34,31.44µm
_0226_,31.24µm
_1042_,31.18µm
_0903_,31.16µm
_0655_,31.08µm
net204,30.885µm
_0882_,30.76µm
_0324_,30.64µm
_0871_,30.58µm
_0312_,30.52µm
_0504_,30.4µm
_0194_,30.24µm
_0204_,30.2µm
_0247_,30.2µm
_0661_,30.18µm
_0819_,30.18µm
_0477_,30.16µm
_0933_,30.155µm
_0371_,30.08µm
_0403_,30.02µm
_1030_,29.98µm
_0193_,29.94µm
_0747_,29.9µm
_0810_,29.9µm
_0295_,29.84µm
_0138_,29.82µm
_1087_,29.78µm
_0754_,29.74µm
_0468_,29.68µm
_0502_,29.64µm
_0101_,29.58µm
_1019_,29.54µm
_0467_,29.46µm
_0391_,29.44µm
net52,29.28µm
_0869_,29.22µm
_0993_,29.105µm
_0702_,28.98µm
_0412_,28.7µm
_0499_,28.64µm
_0557_,28.6µm
_0190_,28.58µm
cn\[3\],28.56µm
_1054_,28.5µm
_0409_,28.48µm
rcounter\[3\],28.46µm
_0463_,28.24µm
_0299_,28.22µm
_0597_,28.22µm
_0722_,28.015µm
_0415_,28µm
_0832_,27.88µm
_0384_,27.86µm
_0496_,27.76µm
_0899_,27.72µm
_0445_,27.64µm
_0816_,27.64µm
_0954_,27.64µm
_0508_,27.6µm
_0650_,27.58µm
_0156_,27.56µm
_0309_,27.48µm
net37,27.46µm
cn_dn\[21\],27.42µm
net23,27.42µm
_0874_,27.34µm
_0436_,27.3µm
_0998_,27.26µm
_0297_,27.16µm
_0603_,27.14µm
_0364_,27.12µm
_0991_,27.12µm
_0863_,27.1µm
_0980_,27.04µm
_0209_,26.96µm
_1005_,26.92µm
_0604_,26.88µm
_0867_,26.78µm
_1043_,26.72µm
_0688_,26.7µm
_0570_,26.58µm
_0160_,26.56µm
_0250_,26.56µm
net6,26.56µm
net53,26.52µm
_0307_,26.46µm
_0100_,26.38µm
_0420_,26.34µm
_0150_,26.32µm
_0514_,26.26µm
_0651_,26.2µm
_0430_,26.14µm
_0615_,26.14µm
_0929_,26.08µm
_1010_,26.06µm
_0584_,25.9µm
cn\[10\],25.88µm
_0105_,25.845µm
_0513_,25.76µm
_0796_,25.72µm
_0211_,25.64µm
_0673_,25.6µm
_0221_,25.58µm
_0836_,25.42µm
net64,25.36µm
_0328_,25.32µm
_0292_,25.22µm
_0288_,25.04µm
_1018_,25.02µm
net63,25.02µm
_0773_,24.96µm
_0407_,24.78µm
_1068_,24.74µm
_0097_,24.62µm
_0799_,24.6µm
_0728_,24.58µm
_0229_,24.54µm
_0996_,24.5µm
_0252_,24.46µm
_0448_,24.34µm
_0498_,24.34µm
_0319_,24.32µm
_0313_,24.3µm
_0390_,24.28µm
_0340_,24.24µm
_0457_,24.24µm
_0189_,24.18µm
_0916_,24.18µm
_0870_,24.16µm
_0293_,24.06µm
net10,24.04µm
_0232_,24µm
_0341_,24µm
_0218_,23.96µm
_0339_,23.9µm
_0137_,23.84µm
net62,23.82µm
_0493_,23.78µm
_0147_,23.66µm
_0507_,23.66µm
_1071_,23.52µm
_0578_,23.5µm
_0669_,23.5µm
net16,23.5µm
_0120_,23.48µm
_0495_,23.4µm
_0336_,23.28µm
net24,23.28µm
_0491_,23.24µm
_0131_,23.06µm
_0812_,23.04µm
_0558_,22.94µm
_0568_,22.89µm
net25,22.85µm
_0511_,22.82µm
net15,22.82µm
_0612_,22.78µm
_0918_,22.7µm
_0763_,22.62µm
cn_dn\[18\],22.62µm
_0608_,22.6µm
_0170_,22.56µm
_1016_,22.54µm
_0555_,22.5µm
_0320_,22.36µm
_0948_,22.36µm
_0947_,22.32µm
_0251_,22.24µm
_0828_,22.24µm
_0875_,22.22µm
_1082_,22.2µm
_0249_,22µm
cn\[6\],21.98µm
_0686_,21.94µm
_0375_,21.88µm
_0088_,21.8µm
_1089_,21.78µm
_0408_,21.74µm
_0200_,21.7µm
_0335_,21.64µm
_0455_,21.52µm
_0488_,21.46µm
_1036_,21.44µm
cn\[19\],21.34µm
_0159_,21.32µm
_0116_,21.2µm
_0886_,21.16µm
_0515_,21.12µm
_0813_,21.12µm
_0140_,21.06µm
_0223_,21.06µm
_0104_,20.9µm
_0986_,20.89µm
_0924_,20.78µm
_1047_,20.78µm
_0244_,20.76µm
_0373_,20.7µm
_0684_,20.7µm
_1091_,20.68µm
_0283_,20.58µm
_0976_,20.54µm
_1065_,20.52µm
_0466_,20.42µm
encipher_en_sync,20.4µm
net19,20.34µm
_0960_,20.32µm
_0561_,20.26µm
_1094_,20.22µm
_0654_,20.2µm
_0356_,20.18µm
_0424_,20.14µm
_0536_,20.12µm
net32,20.08µm
_0861_,20.06µm
_0325_,19.98µm
_1044_,19.94µm
_0569_,19.92µm
_0681_,19.9µm
_1000_,19.84µm
_0625_,19.78µm
_0393_,19.74µm
_0368_,19.68µm
net33,19.62µm
_0581_,19.58µm
_1067_,19.48µm
_1079_,19.48µm
_0841_,19.44µm
_0657_,19.42µm
_0009_,19.24µm
_0227_,19.18µm
_0974_,19.12µm
_0174_,19.08µm
net38,19.06µm
_0431_,18.98µm
_1090_,18.98µm
_0674_,18.86µm
_0958_,18.86µm
_0367_,18.84µm
_0437_,18.84µm
_0475_,18.84µm
_0609_,18.76µm
_0938_,18.74µm
_0205_,18.68µm
_0435_,18.64µm
_0975_,18.52µm
_0489_,18.46µm
_0178_,18.44µm
_1051_,18.28µm
_1086_,18.28µm
_0031_,18.165µm
_0090_,18.145µm
_0963_,18.14µm
_1027_,18.12µm
_0290_,18.04µm
_0744_,18.02µm
_0419_,17.94µm
_1001_,17.94µm
_0187_,17.9µm
_0579_,17.86µm
_0236_,17.8µm
_0396_,17.8µm
_0460_,17.8µm
_0955_,17.745µm
_1040_,17.7µm
_1076_,17.66µm
_0428_,17.64µm
_0132_,17.6µm
_0000_,17.505µm
_0151_,17.48µm
_0198_,17.4µm
_0618_,17.4µm
_1032_,17.3µm
_0917_,17.21µm
_0048_,17.165µm
_0725_,17.06µm
_0397_,17.04µm
_0172_,16.98µm
_0876_,16.98µm
_0287_,16.84µm
_0347_,16.84µm
cn_dn\[13\],16.82µm
_1098_,16.76µm
_0497_,16.72µm
_0344_,16.68µm
_0196_,16.62µm
_0481_,16.56µm
_0321_,16.44µm
_0173_,16.3µm
_1083_,16.3µm
_0563_,16.26µm
_0826_,16.22µm
_0284_,16.16µm
_0682_,16.14µm
_0967_,16.06µm
_0162_,16µm
_0175_,15.98µm
_0404_,15.96µm
_0941_,15.94µm
_0092_,15.88µm
_0862_,15.82µm
_1002_,15.76µm
_0361_,15.72µm
net27,15.69µm
_0696_,15.635µm
_0977_,15.56µm
_0711_,15.44µm
_0857_,15.44µm
_0738_,15.42µm
_0776_,15.42µm
_1072_,15.38µm
_0108_,15.365µm
_1050_,15.28µm
net12,15.27µm
_0671_,15.26µm
_0506_,15.22µm
_0427_,15.16µm
_1093_,15.16µm
des_data[58],15.14µm
_0203_,15.04µm
_0079_,14.975µm
_0243_,14.96µm
_0154_,14.94µm
_0943_,14.92µm
_0084_,14.895µm
_0122_,14.885µm
_1095_,14.88µm
des_data[10],14.88µm
des_data[30],14.88µm
_0240_,14.85µm
_0443_,14.84µm
_1056_,14.84µm
_0333_,14.8µm
_0112_,14.78µm
_0181_,14.78µm
_0248_,14.76µm
_0258_,14.76µm
net295,14.76µm
_0304_,14.72µm
_1066_,14.72µm
_0281_,14.62µm
_0957_,14.62µm
_0440_,14.58µm
_0343_,14.54µm
_0372_,14.54µm
_0186_,14.5µm
_0860_,14.43µm
_0421_,14.4µm
_0005_,14.38µm
_0538_,14.32µm
_0279_,14.26µm
_0026_,14.24µm
_0049_,14.2µm
_0098_,14.2µm
_0222_,14.12µm
_1057_,14.12µm
_0399_,14.04µm
des_data[54],13.98µm
_0118_,13.96µm
_1100_,13.96µm
_0461_,13.88µm
net326,13.86µm
des_data[62],13.52µm
_0167_,13.5µm
_0560_,13.5µm
_0647_,13.48µm
_0449_,13.44µm
_0782_,13.42µm
_1011_,13.42µm
_0413_,13.28µm
des_data[24],13.28µm
_0879_,13.24µm
_1061_,13.22µm
_0439_,13.16µm
_1008_,13.14µm
_0735_,13.12µm
_0199_,13.02µm
_0441_,13µm
_0464_,12.96µm
_0171_,12.94µm
_0988_,12.94µm
des_decipher_en,12.86µm
_0308_,12.74µm
_0656_,12.74µm
_0382_,12.7µm
_0331_,12.66µm
_0352_,12.62µm
_1074_,12.62µm
_1048_,12.52µm
des_data[17],12.5µm
des_data[53],12.5µm
des_data[52],12.48µm
_0994_,12.44µm
_0452_,12.42µm
des_key_in[23],12.41µm
_0825_,12.4µm
_0142_,12.39µm
_0400_,12.36µm
_0168_,12.28µm
_0183_,12.22µm
_0583_,12.22µm
_0074_,12.16µm
_0740_,12.16µm
_0056_,12.085µm
_0503_,12.08µm
_0102_,12.065µm
_0228_,12.04µm
_0873_,12.04µm
des_data[28],12.04µm
des_data[38],12.04µm
des_data[40],12.04µm
des_key_in[25],12.04µm
_0699_,11.98µm
des_data[25],11.9µm
des_key_in[57],11.9µm
_0935_,11.84µm
_0471_,11.82µm
_0678_,11.79µm
_0146_,11.78µm
_1038_,11.78µm
_0041_,11.745µm
_0032_,11.705µm
_0060_,11.705µm
_0078_,11.7µm
des_data[22],11.68µm
_0820_,11.58µm
des_data[39],11.58µm
des_data[41],11.58µm
des_data[49],11.58µm
_0348_,11.52µm
_0780_,11.48µm
_0939_,11.48µm
des_data[55],11.48µm
_0940_,11.44µm
des_key_in[41],11.44µm
_0332_,11.38µm
_0680_,11.38µm
_0942_,11.36µm
_0023_,11.325µm
_0351_,11.24µm
_1041_,11.24µm
k16_calculation,11.24µm
des_data[63],11.22µm
des_encipher_en,11.22µm
_1062_,11.2µm
_0931_,11.18µm
_0073_,11.16µm
_0485_,11.14µm
_0273_,11.12µm
des_data[16],11.12µm
des_data[48],11.12µm
des_data[57],11.12µm
net28,11.04µm
_0066_,11.02µm
des_key_in[15],11.02µm
des_key_in[28],11.02µm
des_key_in[4],11.02µm
des_key_in[7],11.02µm
desc_result[28],11.02µm
_0149_,10.98µm
_0296_,10.98µm
_0091_,10.945µm
_0019_,10.9µm
_0859_,10.9µm
_0095_,10.82µm
_0278_,10.8µm
_0872_,10.78µm
desc_result[63],10.78µm
_0818_,10.74µm
_0962_,10.68µm
des_data[6],10.66µm
des_data[7],10.66µm
des_data[8],10.66µm
_0055_,10.64µm
_0303_,10.6µm
_0406_,10.6µm
_0238_,10.58µm
_0337_,10.56µm
_0995_,10.5µm
_0072_,10.465µm
_0621_,10.42µm
_0182_,10.32µm
des_data[50],10.315µm
_0038_,10.28µm
_0698_,10.26µm
_0969_,10.26µm
_0185_,10.24µm
_0614_,10.24µm
_0136_,10.22µm
_0476_,10.22µm
_0620_,10.2µm
des_key_in[54],10.19µm
_0814_,10.14µm
_0447_,10.12µm
_0128_,10.06µm
_0012_,10.025µm
_0741_,10µm
_0494_,9.98µm
_0659_,9.98µm
des_data[13],9.97µm
_0040_,9.945µm
_0622_,9.94µm
_0732_,9.9µm
_1063_,9.9µm
_0927_,9.88µm
rst_n,9.875µm
_0411_,9.86µm
desc_result[55],9.86µm
net306,9.86µm
_0163_,9.78µm
_0329_,9.76µm
_0099_,9.755µm
des_data[12],9.74µm
des_data[56],9.74µm
des_data[9],9.74µm
_0354_,9.7µm
_0355_,9.68µm
net325,9.68µm
net330,9.66µm
_0417_,9.64µm
des_data[23],9.64µm
des_data[2],9.64µm
des_data[31],9.64µm
des_data[3],9.64µm
des_data[44],9.64µm
desc_result[38],9.64µm
desc_result[41],9.64µm
desc_result[6],9.64µm
desc_result[7],9.64µm
_0015_,9.52µm
_0212_,9.48µm
_0571_,9.48µm
_1081_,9.48µm
_0004_,9.445µm
_0123_,9.445µm
_0225_,9.32µm
_0234_,9.28µm
_0605_,9.26µm
des_key_in[20],9.26µm
_0395_,9.2µm
_0985_,9.2µm
desc_result[16],9.18µm
desc_result[17],9.18µm
desc_result[24],9.18µm
desc_result[25],9.18µm
desc_result[29],9.18µm
desc_result[39],9.18µm
desc_result[40],9.18µm
desc_result[48],9.18µm
desc_result[49],9.18µm
desc_result[52],9.18µm
desc_result[53],9.18µm
desc_result[56],9.18µm
desc_result[57],9.18µm
desc_result[59],9.18µm
desc_result[8],9.18µm
desc_result[9],9.18µm
_0706_,9.16µm
net304,9.1µm
_0265_,9.08µm
_0934_,9.08µm
_0973_,9.04µm
_0679_,9.02µm
_0919_,9.02µm
_1039_,9.01µm
_0129_,8.98µm
desc_ready,8.96µm
desc_result[44],8.96µm
desc_result[45],8.96µm
_0022_,8.945µm
_0239_,8.94µm
_0085_,8.9µm
_0572_,8.88µm
_1049_,8.88µm
_1033_,8.86µm
_0052_,8.84µm
des_data[11],8.84µm
_0444_,8.8µm
_0473_,8.62µm
_0093_,8.615µm
des_data[35],8.61µm
des_key_in[18],8.61µm
des_key_in[27],8.61µm
des_key_in[58],8.61µm
des_key_in[59],8.61µm
_0054_,8.565µm
_0451_,8.56µm
_1064_,8.56µm
_1088_,8.52µm
_0215_,8.5µm
desc_result[10],8.5µm
desc_result[11],8.5µm
desc_result[22],8.5µm
desc_result[23],8.5µm
desc_result[2],8.5µm
desc_result[30],8.5µm
desc_result[31],8.5µm
desc_result[3],8.5µm
desc_result[50],8.5µm
desc_result[51],8.5µm
desc_result[54],8.5µm
desc_result[62],8.5µm
_0345_,8.48µm
_0053_,8.475µm
_0067_,8.44µm
_0050_,8.425µm
des_data[61],8.39µm
net26,8.38µm
_0811_,8.36µm
_1028_,8.36µm
_0030_,8.34µm
_0677_,8.32µm
net311,8.28µm
_0077_,8.275µm
_0807_,8.16µm
_1007_,8.16µm
_1009_,8.16µm
_1013_,8.16µm
des_key_in[39],8.15µm
_0242_,8.1µm
_0001_,8.065µm
_0028_,8.065µm
net309,8.02µm
_0972_,8µm
_0042_,7.985µm
_0272_,7.98µm
_0617_,7.94µm
des_key_in[2],7.93µm
des_key_in[35],7.93µm
des_key_in[44],7.93µm
des_key_in[49],7.93µm
_0047_,7.855µm
_0575_,7.82µm
des_data[21],7.81µm
des_data[29],7.71µm
des_key_in[61],7.71µm
_0925_,7.705µm
des_data[36],7.69µm
des_data[37],7.69µm
des_data[60],7.69µm
des_key_in[47],7.69µm
_0075_,7.68µm
_0241_,7.6µm
_0851_,7.58µm
_0959_,7.56µm
_1022_,7.56µm
_1073_,7.44µm
_0051_,7.42µm
_0237_,7.42µm
_0177_,7.36µm
_0305_,7.36µm
des_data[27],7.35µm
des_data[43],7.35µm
des_data[59],7.35µm
des_key_in[14],7.35µm
des_key_in[33],7.35µm
des_key_in[60],7.35µm
des_key_in[62],7.35µm
des_key_in[6],7.35µm
_1053_,7.3µm
_0103_,7.275µm
des_data[1],7.25µm
des_data[34],7.25µm
des_key_in[9],7.25µm
_0152_,7.235µm
_0069_,7.225µm
_0235_,7.22µm
_0815_,7.22µm
_0920_,7.22µm
_0512_,7.18µm
net183,7.18µm
_0059_,7.145µm
_0068_,7.14µm
_0082_,7.14µm
_1052_,7.1µm
_0076_,7.08µm
_0139_,7.06µm
_0260_,7.06µm
des_data[45],7.03µm
des_data[46],7.01µm
des_data[47],7.01µm
des_key_in[30],7.01µm
net300,7µm
_0380_,6.96µm
_0423_,6.92µm
des_key_in[29],6.91µm
des_key_in[37],6.79µm
_0206_,6.76µm
_1026_,6.76µm
_0071_,6.72µm
_0210_,6.72µm
_0214_,6.72µm
_1031_,6.72µm
des_key_in[12],6.69µm
des_data[15],6.67µm
des_data[19],6.67µm
des_data[32],6.67µm
des_data[5],6.67µm
des_key_in[10],6.67µm
des_key_in[43],6.67µm
des_key_in[50],6.67µm
des_key_in[51],6.67µm
des_key_in[55],6.67µm
_1092_,6.64µm
net318,6.64µm
_0161_,6.6µm
des_data[0],6.57µm
des_data[26],6.57µm
des_data[42],6.57µm
des_key_in[34],6.57µm
des_key_in[36],6.57µm
des_key_in[3],6.57µm
net324,6.48µm
_0176_,6.44µm
des_key_in[31],6.43µm
des_key_in[38],6.43µm
des_key_in[46],6.43µm
des_key_in[5],6.43µm
net298,6.42µm
des_key_in[13],6.33µm
_0567_,6.32µm
_0021_,6.3µm
_0311_,6.3µm
_0946_,6.3µm
_0119_,6.265µm
_0035_,6.26µm
_0261_,6.26µm
_0158_,6.24µm
_0018_,6.08µm
_0025_,6.08µm
_0697_,6.04µm
_0008_,6.005µm
des_data[14],5.99µm
des_data[20],5.99µm
des_data[4],5.99µm
des_key_in[11],5.99µm
des_key_in[19],5.99µm
des_key_in[1],5.99µm
des_key_in[26],5.99µm
des_key_in[63],5.99µm
net336,5.98µm
des_key_in[53],5.97µm
_0217_,5.8µm
_1024_,5.8µm
desc_result[18],5.75µm
desc_result[1],5.75µm
desc_result[27],5.75µm
desc_result[37],5.75µm
desc_result[47],5.75µm
desc_result[60],5.75µm
_0559_,5.74µm
_1077_,5.72µm
_0044_,5.68µm
_0574_,5.68µm
_0953_,5.68µm
_0087_,5.675µm
des_key_in[21],5.65µm
des_key_in[22],5.65µm
des_key_in[45],5.65µm
_1020_,5.62µm
net337,5.6µm
_0016_,5.58µm
_0389_,5.58µm
_0349_,5.52µm
_0737_,5.52µm
net327,5.52µm
net329,5.52µm
net335,5.52µm
_0006_,5.505µm
desc_result[14],5.41µm
desc_result[46],5.41µm
desc_result[4],5.41µm
desc_result[61],5.41µm
_0733_,5.4µm
_0864_,5.4µm
_0224_,5.38µm
_0315_,5.38µm
_0002_,5.345µm
_0034_,5.34µm
_0968_,5.34µm
des_data[18],5.31µm
des_data[33],5.31µm
des_data[51],5.31µm
des_key_in[17],5.31µm
des_key_in[42],5.31µm
des_key_in[52],5.31µm
net334,5.26µm
_0984_,5.22µm
_1017_,5.17µm
_0007_,5.16µm
_0378_,5.16µm
_0453_,5.12µm
_0011_,5.095µm
_0062_,5.095µm
_0017_,5.085µm
desc_result[12],5.07µm
desc_result[13],5.07µm
desc_result[15],5.07µm
desc_result[19],5.07µm
desc_result[20],5.07µm
desc_result[21],5.07µm
desc_result[34],5.07µm
desc_result[43],5.07µm
desc_result[5],5.07µm
_0266_,4.94µm
_0013_,4.845µm
_0545_,4.8µm
net315,4.8µm
_0982_,4.76µm
_0433_,4.7µm
_0573_,4.7µm
net296,4.6µm
net313,4.6µm
net319,4.6µm
_0033_,4.54µm
_0164_,4.46µm
_0730_,4.46µm
_0734_,4.46µm
_0057_,4.42µm
_0195_,4.42µm
_0781_,4.42µm
desc_result[0],4.39µm
desc_result[26],4.39µm
desc_result[32],4.39µm
desc_result[33],4.39µm
desc_result[35],4.39µm
desc_result[36],4.39µm
desc_result[42],4.39µm
desc_result[58],4.39µm
_0928_,4.36µm
_0213_,4.34µm
_0987_,4.34µm
net321,4.34µm
_0029_,4.24µm
_0323_,4.24µm
net302,4.22µm
_0130_,4.2µm
net314,4.14µm
_0970_,4.02µm
_0081_,3.975µm
_0020_,3.965µm
_0024_,3.965µm
_0061_,3.78µm
_0064_,3.78µm
_0096_,3.78µm
_0107_,3.78µm
_0126_,3.78µm
_0188_,3.78µm
_0459_,3.78µm
_0125_,3.755µm
_0080_,3.705µm
net331,3.68µm
_0124_,3.605µm
_1101_,3.56µm
_0135_,3.54µm
_0888_,3.54µm
_0727_,3.42µm
_1037_,3.42µm
_0046_,3.34µm
net303,3.32µm
net308,3.32µm
_0058_,3.245µm
net301,3.22µm
net322,3.22µm
_0083_,3.165µm
_0777_,3.1µm
_1055_,3.1µm
_1078_,3.1µm
_0483_,3.08µm
_0063_,3.045µm
_0070_,3.045µm
_0014_,3.005µm
_0619_,2.96µm
_0768_,2.96µm
_0831_,2.96µm
_1021_,2.96µm
_0094_,2.885µm
_0327_,2.86µm
_0401_,2.86µm
net297,2.86µm
net305,2.86µm
net333,2.86µm
_0039_,2.765µm
_0492_,2.76µm
_0089_,2.715µm
_0184_,2.62µm
_1015_,2.62µm
_0065_,2.545µm
_1080_,2.53µm
_0505_,2.5µm
_1060_,2.5µm
_0086_,2.485µm
_0111_,2.375µm
_0027_,2.325µm
_0043_,2.325µm
_0317_,2.3µm
net299,2.3µm
net307,2.3µm
net310,2.3µm
_0036_,2.28µm
_0010_,2.205µm
_0945_,2.18µm
_0542_,2.16µm
_0926_,2.16µm
_0115_,2.125µm
_0045_,2.085µm
_0106_,2.085µm
net323,2.04µm
_0425_,1.94µm
net316,1.94µm
net320,1.94µm
_0003_,1.865µm
_0300_,1.84µm
_0264_,1.72µm
_0989_,1.72µm
_1012_,1.72µm
_0357_,1.48µm
_0383_,1.48µm
net312,1.48µm
net328,1.48µm
net332,1.48µm
_0127_,1.405µm
_0037_,1.36µm
net317,0.46µm
